alpha	alpha_lwr	alpha_upr	xz_a	xz_a_lwr	xz_a_upr	species	mut_type
2.62001618599987	2.2650985663588	3.06469641966561	0.850827905847019	0.830680555487793	0.870846311819041	Oryctolagus_cuniculus	mod
2.53538758635483	2.17743143751144	3.00480375849448	0.855236279016875	0.833133416817063	0.876479743605567	Rattus_norvegicus	mod
2.66008805800292	2.29081586608245	3.1240683668061	0.848811646815157	0.828319337614741	0.869250674340211	Mus_pahari	mod
2.82150114235818	2.44629271022377	3.34796981937373	0.84111818240147	0.81999493120432	0.860111252696441	Mus_musculus	mod
3.93780244263573	2.997736567944	5.02796382662355	0.801679493609741	0.777262331445247	0.83342769639843	Nomascus_leucogenys	mod
3.36858786564866	2.6822524632844	4.10207851046801	0.819271281056786	0.797332367968373	0.847715270290121	Pongo_abelii	mod
3.86705738685561	2.87002070823745	5.27791074907823	0.803641970978287	0.772859107641485	0.838931033430299	Homo_sapiens	mod
2.59581589083485	2.20938592070112	3.04171330844273	0.852067334249757	0.831613216753252	0.874390724520397	Macaca_mulatta	mod
2.30021849706135	1.96910183672692	2.66434719712974	0.868673493566247	0.848599936305762	0.891201459788343	Callithrix_jacchus	mod
2.47022882948297	2.12611487055283	2.88479199928413	0.858776956628725	0.838276026135466	0.879923918646269	Saimiri_boliviensis	mod
2.95466150604142	2.63227809828993	3.42432835846399	0.835244095012486	0.817348671403339	0.850206210893892	Daubentonia_madagascariensis	mod
2.89060004187127	2.16396590669561	3.90499092066017	0.838019840853654	0.802582650498282	0.877372687631008	Microcebus_murinus	mod
4.10622337342767	3.44076382269551	5.00419745506838	0.797226302999057	0.777700101468833	0.816790990608309	Equus_caballus	mod
2.40420469627688	1.92783432484668	2.92962877404014	0.862502912176753	0.836317975989011	0.894366253698996	Dicerorhinus_sumatrensis	mod
3.0720592802843	2.59534030476357	3.66676797203521	0.830383995118752	0.809520708406378	0.852091858764166	Ceratotherium_simum_cottoni	mod
0.976671720274189	0.757043866764532	1.21808589772242	1.00393393256057	0.967226111795106	1.04609183599627	Felis_catus	mod
1.33921079225593	1.12285042170696	1.56005129496395	0.951663071810529	0.927078115444319	0.980709832331918	Canis_lupus_familiaris	mod
2.97336730738138	2.51952578895136	3.50820543355096	0.83445046692802	0.814545168765351	0.856086124469617	Bos_taurus	mod
3.42554717755516	2.82891821062794	4.12048095756401	0.817307172782559	0.79686276976551	0.840780249144401	Ovis_aries	mod
1.87809755971603	1.55619807366368	2.30728862510608	0.898301158838796	0.868241655195309	0.927470660510212	Sus_scrofa	mod
2.24161680049424	1.98496075401111	2.52887961528629	0.87232535728211	0.855584039698839	0.890008519912415	Oryctolagus_cuniculus	exptotsub
2.54480435862237	2.21604225601843	3.03814352021628	0.854735343868856	0.831759032336463	0.873960792052949	Rattus_norvegicus	exptotsub
2.75492205428618	2.40248958529899	3.19613863659879	0.84421140848246	0.825542891787541	0.862601628392078	Mus_pahari	exptotsub
2.9111647449007	2.49746434005823	3.40910878077328	0.837118874678578	0.817868802929167	0.857280952288109	Mus_musculus	exptotsub
3.81245934957548	2.90538318482796	4.98030654080771	0.805195975329913	0.778143672421731	0.837371213471857	Nomascus_leucogenys	exptotsub
3.2952576981555	2.63891177193195	3.95303692827714	0.821876601323894	0.801264222937776	0.849871621458061	Pongo_abelii	exptotsub
3.75257661727518	2.76754777979689	5.24384489332645	0.806941452399398	0.773438484041441	0.843616424342363	Homo_sapiens	exptotsub
2.51485872070411	2.17749835847456	2.962425565063	0.856337637718703	0.834913780895062	0.87647532475413	Macaca_mulatta	exptotsub
2.25983669614319	1.94248650255082	2.58038586427746	0.871175888694697	0.852866336740832	0.89323241848532	Callithrix_jacchus	exptotsub
2.4228506963792	2.10986794491275	2.75385627353921	0.861436093031623	0.844261816317434	0.88103804142463	Saimiri_boliviensis	exptotsub
2.79342393433914	2.46982957827538	3.21589263349362	0.842409393608365	0.82479846095627	0.858799061537202	Daubentonia_madagascariensis	exptotsub
2.70828167042488	2.07181209685895	3.62828884257409	0.846444452152493	0.810708382588591	0.883693830323051	Microcebus_murinus	exptotsub
3.70794206336744	3.21471125524647	4.38217502104105	0.808271354594755	0.790532327679251	0.824842785098695	Equus_caballus	exptotsub
2.34642023032985	1.84378319582622	2.78447110096906	0.865884523594622	0.842825144002102	0.90109616454299	Dicerorhinus_sumatrensis	exptotsub
2.98241773735379	2.5355044818106	3.54623590964182	0.83406916199345	0.813308125648761	0.855230044282654	Ceratotherium_simum_cottoni	exptotsub
0.942579531091478	0.752334915699038	1.18933199409901	1.00985295891185	0.971173552083569	1.04711144391447	Felis_catus	exptotsub
1.28109800184426	1.10049975587062	1.48813545078231	0.958923582471104	0.934604919970785	0.984051453217305	Canis_lupus_familiaris	exptotsub
2.87073202563697	2.44955367961429	3.4140918615959	0.838899376720254	0.817698110408673	0.859928383568318	Bos_taurus	exptotsub
3.27707333254253	2.74128718090499	4.04825487620364	0.822536490453476	0.79872550343602	0.844858458536919	Ovis_aries	exptotsub
1.73158783981345	1.42244832417192	2.14935524208749	0.9107249601434	0.878350206763204	0.94187033562194	Sus_scrofa	exptotsub
1.42258236637217	1.15236591454738	1.74024023392495	0.941855108521382	0.909954338460236	0.97640334394854	Oryctolagus_cuniculus	C>A
1.67047643218716	1.34605134463086	2.04052066461211	0.916310010689986	0.885927359226938	0.950832087083569	Rattus_norvegicus	C>A
1.2237868701998	0.987021297314296	1.48677946681035	0.966455587808543	0.934751020572709	1.00217724602872	Mus_pahari	C>A
1.97436463026069	1.56246605318815	2.47103248995103	0.890804171491768	0.858732476651658	0.926832714851859	Mus_musculus	C>A
4.18042234852684	2.78617795686783	7.16179747466487	0.795356302726215	0.748348020404746	0.842745729579541	Nomascus_leucogenys	C>A
3.62487893382596	2.4670185070628	5.94968529951408	0.810814584094456	0.762594271721428	0.85895484318161	Pongo_abelii	C>A
4.23619739997971	2.74990316374001	7.93803146334268	0.793985523413597	0.74125430594729	0.844449035319023	Homo_sapiens	C>A
1.16650614240853	0.890996273456635	1.53216268769043	0.974381772392389	0.929946222086831	1.01921451460506	Macaca_mulatta	C>A
0.888312239383908	0.713446419581199	1.10157724834872	1.01971562369942	0.983888727949681	1.05574604437467	Callithrix_jacchus	C>A
1.00464140757579	0.810016695756166	1.25205876806977	0.999228223136193	0.962692097316535	1.03498739444214	Saimiri_boliviensis	C>A
1.851481584254	1.4819849101326	2.29200784532117	0.900463255200862	0.869177322166525	0.935268890614535	Daubentonia_madagascariensis	C>A
0.502313590903859	0.309008698755457	0.767781563827374	1.11042665839088	1.04378716634157	1.17595790919279	Microcebus_murinus	C>A
1.48211807320156	1.07433382390655	2.09819075006282	0.935254480382864	0.881846015018006	0.98805498853819	Equus_caballus	C>A
0.56107648654869	0.309305481750188	0.87416303037511	1.09372240186678	1.02238100734131	1.17584246708836	Dicerorhinus_sumatrensis	C>A
0.504937035312641	0.280765887032773	0.80571733566523	1.10965308471848	1.03586435530771	1.18718854612676	Ceratotherium_simum_cottoni	C>A
0.499665025713823	0.245003352990627	0.870819253769751	1.11121038492091	1.02301678724797	1.20214045881772	Felis_catus	C>A
0.435503069110975	0.257593133964605	0.652861912775285	1.13107993126494	1.0700074790563	1.19677982382504	Canis_lupus_familiaris	C>A
0.802163961070242	0.584460921164121	1.07467201574866	1.03659231220602	0.988002599096496	1.08741965448845	Bos_taurus	C>A
1.21049467437009	0.855479267149562	1.68194482582465	0.968258285228988	0.915242498744673	1.02596287572149	Ovis_aries	C>A
1.36618227294226	0.987824511942641	1.81881351404625	0.948414473794683	0.903172793568869	1.00204167721785	Sus_scrofa	C>A
1.89939674556353	1.60411590677626	2.2402409706459	0.896599554494715	0.872412681455739	0.922671656664197	Oryctolagus_cuniculus	C>G
1.90645660209384	1.56921656639994	2.34954911421339	0.896041041699961	0.865698430027816	0.926149139022362	Rattus_norvegicus	C>G
2.46217332467259	2.06372235069546	2.9985080122365	0.85922394331015	0.833395522686584	0.884266889648797	Mus_pahari	C>G
2.54072873191626	2.0497006221844	3.24250602591475	0.854951824085621	0.82380649454067	0.88526735875334	Mus_musculus	C>G
3.50013494044277	2.15589802668201	5.51357872287978	0.814810372464314	0.769016955966912	0.877911346003652	Nomascus_leucogenys	C>G
3.11395860078154	2.23936078797138	4.57280093253472	0.828716587766995	0.786295319248635	0.872468585718777	Pongo_abelii	C>G
4.71666413184559	3.05045123999103	7.82937980019114	0.783284794177936	0.742172158757089	0.831257381914517	Homo_sapiens	C>G
2.55572772090377	1.87023383471758	3.40408277689125	0.854157588074231	0.818041357025519	0.898935779588006	Macaca_mulatta	C>G
1.51892140201704	1.21619311219802	1.87414826251446	0.931330211203162	0.89861944215899	0.967482810800183	Callithrix_jacchus	C>G
1.59081651604729	1.26417952922161	1.99298976863463	0.923985802366703	0.889409381544303	0.961107393677328	Saimiri_boliviensis	C>G
2.82788544400683	2.29844720646728	3.4490656072188	0.840827225131247	0.816510864420229	0.868781972729329	Daubentonia_madagascariensis	C>G
2.44108085278407	1.77695713067395	3.41176640208704	0.860404243662943	0.817777719679649	0.90673759152998	Microcebus_murinus	C>G
3.75021826235388	3.00248945523958	4.93519178896921	0.807011095037483	0.778991034668674	0.83322967054765	Equus_caballus	C>G
1.45588491183994	1.09020893420017	1.87859341386073	0.938123469651462	0.898261258475498	0.985614048317664	Dicerorhinus_sumatrensis	C>G
2.10008789895656	1.60585389676515	2.75778002730377	0.88171433253803	0.844076377140062	0.922500912590528	Ceratotherium_simum_cottoni	C>G
0.549097220135248	0.370571960580839	0.75213896481798	1.09702485077629	1.04715399104731	1.15308159841833	Felis_catus	C>G
1.46681447445707	1.21354845453619	1.76393517217001	0.936920742751329	0.907868657718887	0.9678422136941	Canis_lupus_familiaris	C>G
2.66185750559146	2.08715952536194	3.49880553832394	0.848723632468504	0.814854149096733	0.882614906849851	Bos_taurus	C>G
2.91396900104035	2.1777236711043	3.9339358545573	0.836996750141897	0.801785299400996	0.876460448526558	Ovis_aries	C>G
1.27700852107449	0.976706476511654	1.69273181792656	0.959448472486206	0.914246712413669	1.00392800242308	Sus_scrofa	C>G
1.20242251370415	1.05949738663828	1.3611811986229	0.96936365714804	0.949011226692591	0.990370241622334	Oryctolagus_cuniculus	C>T
1.43943948353919	1.25587237027601	1.69818542923173	0.939953489793533	0.913746300054388	0.962191659769489	Rattus_norvegicus	C>T
1.52424082005696	1.32649044069388	1.7170785766962	0.930772476765888	0.912028237135965	0.953221322127805	Mus_pahari	C>T
2.11997155146345	1.84411361000749	2.43872720885796	0.880343828676032	0.860536847746856	0.901068929755204	Mus_musculus	C>T
3.85872877492311	3.27413033283131	4.60330841539721	0.803876767816471	0.785643995281088	0.822643816344516	Nomascus_leucogenys	C>T
3.79490991305424	3.22384512784532	4.48343881100589	0.805702994513339	0.788244875094668	0.824500736451027	Pongo_abelii	C>T
4.23213392940791	3.42925361161145	5.27727047746069	0.794084403991695	0.772869939101782	0.817181115629123	Homo_sapiens	C>T
1.66047956249799	1.47173858960704	1.92783753080033	0.917248056602516	0.89436600437016	0.936382351597836	Macaca_mulatta	C>T
1.36359297146638	1.19727753338541	1.55553005534237	0.948723126774122	0.927538834956369	0.970072429724515	Callithrix_jacchus	C>T
1.52534758384041	1.36097458425932	1.72393958672192	0.930656729235732	0.91141022482647	0.949035935320108	Saimiri_boliviensis	C>T
2.46322578499935	2.1633324346858	2.8080911472068	0.859165425931591	0.841732504351687	0.877414882490175	Daubentonia_madagascariensis	C>T
0.656409619909528	0.530978769977012	0.779235978916001	1.06914360151028	1.04135932945378	1.10211794772962	Microcebus_murinus	C>T
1.85921182276558	1.60853345787879	2.16150121625884	0.89983115673996	0.877536952984496	0.922238112243902	Equus_caballus	C>T
2.09368779985291	1.61042625909877	2.6774363359709	0.882159214653688	0.847952379255531	0.922052799235234	Dicerorhinus_sumatrensis	C>T
2.21014844835843	1.87581328957116	2.71928737034474	0.874341382459819	0.845912473802262	0.898485147054203	Ceratotherium_simum_cottoni	C>T
1.06360258973661	0.827639110169402	1.33411127250358	0.989726285792148	0.952285726271995	1.03143598187621	Felis_catus	C>T
0.753276964647915	0.605581898384775	0.929656467659016	1.04690702806361	1.01215130491186	1.08188476755416	Canis_lupus_familiaris	C>T
1.54049791008699	1.32116995300242	1.76168610834796	0.929082417539628	0.908065087961354	0.953878150601455	Bos_taurus	C>T
1.40289860562984	1.22020433218207	1.59818619915564	0.944109362377884	0.923255923773536	0.966939329413637	Ovis_aries	C>T
1.55217232816822	1.34838852563333	1.81324454504446	0.927882047504666	0.903640970177182	0.95054927782313	Sus_scrofa	C>T
3.83803989604253	3.25577217740858	4.671572052396	0.804463518489239	0.784211971655788	0.82331665611056	Oryctolagus_cuniculus	T>A
3.11878185705995	2.54888555265139	3.95108786767364	0.82852682090716	0.80131720902917	0.854519066180818	Rattus_norvegicus	T>A
3.106998656229	2.50713156152584	3.87078885059339	0.82899120642651	0.80353703553627	0.856755534156035	Mus_pahari	T>A
3.70464631474902	2.93969887963496	4.82688907809463	0.808370553009126	0.781078775380544	0.835884337111683	Mus_musculus	T>A
4.56127957253858	2.6155413433531	8.21436037720778	0.78654315515659	0.739017501599898	0.851055836463406	Nomascus_leucogenys	T>A
4.1331484489887	2.48026219463841	7.05162370560304	0.79654147416381	0.7494657008792	0.858223115400246	Pongo_abelii	T>A
7.65041836056738	3.8078580034482	23.552538192689	0.743734230208523	0.693819324425903	0.805328554390583	Homo_sapiens	T>A
2.63868160651417	1.91004605158232	3.62718022571783	0.849883210118329	0.810742893255236	0.895758115684861	Macaca_mulatta	T>A
2.33471854050147	1.9072637677032	2.8523730364475	0.866583588760612	0.839720174299313	0.895977358758891	Callithrix_jacchus	T>A
2.51668339580178	2.03031323308783	3.13663793971408	0.856239224566685	0.827828140400272	0.886665925946984	Saimiri_boliviensis	T>A
3.20756937678211	2.53792806953913	4.08436871655302	0.825111271370137	0.797787500703785	0.855100872666087	Daubentonia_madagascariensis	T>A
2.68290669761538	1.92938087870627	3.73640714754788	0.847683108679255	0.8074203320292	0.894246040695042	Microcebus_murinus	T>A
6.24975598354389	4.59725812050522	8.70816255098754	0.758623784696559	0.735337402572181	0.785772602522005	Equus_caballus	T>A
1.47808584724291	1.03301429367466	2.1205692705049	0.935691513973063	0.880302900596126	0.994586971379169	Dicerorhinus_sumatrensis	T>A
2.11239433995447	1.58805035523286	2.94139824369148	0.880864031733337	0.83581137761632	0.924260830288217	Ceratotherium_simum_cottoni	T>A
1.34254641777314	1.06319491129538	1.67415179748012	0.951257256466125	0.91596689984523	0.989790120983496	Felis_catus	T>A
1.31167263453372	1.06574833336969	1.57275602976368	0.955058135556958	0.925792156590366	0.989390715815087	Canis_lupus_familiaris	T>A
2.99370535376525	2.33581288136712	3.93552722042221	0.833596023645427	0.801741732995576	0.866518004369232	Bos_taurus	T>A
3.51229993965538	2.5680316637551	4.83447588383978	0.814410982333232	0.780930000672929	0.853511047404322	Ovis_aries	T>A
2.57179440381565	2.14044224259306	3.17374067578102	0.853314214452308	0.826395485118454	0.878950993257625	Sus_scrofa	T>A
4.07301789607842	3.12850027478449	5.31289118688296	0.798080882094927	0.772270683420809	0.828145804923831	Oryctolagus_cuniculus	T>C
6.74988580624956	5.04951597945879	10.0882131053248	0.752689439560825	0.726790571243006	0.776868320638711	Rattus_norvegicus	T>C
8.27714506464795	6.06848778716305	11.9958688670688	0.738527854782298	0.717965019511391	0.760981983710489	Mus_pahari	T>C
4.59927574494173	3.76967982553298	5.82186144806903	0.785729684284422	0.764391704288967	0.806438452415864	Mus_musculus	T>C
3.42745813200876	2.54407535515012	4.78207410567653	0.817242154178775	0.781965546356252	0.854774028915015	Nomascus_leucogenys	T>C
2.67476932247588	1.91127999729113	3.57585339360905	0.848083949811259	0.812358980060662	0.895661015299221	Pongo_abelii	T>C
3.04166648769271	1.9635353160966	5.10318217689554	0.831615127579198	0.775899300945622	0.891623211994685	Homo_sapiens	T>C
3.77537588913963	2.96075043513839	5.10571705376164	0.806271732768967	0.775853951435447	0.834984938060955	Macaca_mulatta	T>C
4.72946869641967	3.69880737526862	6.17941610337629	0.783024168904748	0.75952472880812	0.808546640333081	Callithrix_jacchus	T>C
4.97706357683161	3.85066331723984	6.96590097277842	0.77820415628796	0.75035671867018	0.804104914400178	Saimiri_boliviensis	T>C
2.78188261593055	2.37078922691876	3.26101326936031	0.842945714529878	0.823123974946007	0.864444285434028	Daubentonia_madagascariensis	T>C
Inf	61.1661894702425	Inf	0.6408407190693	0.605460150905642	0.677390609574343	Microcebus_murinus	T>C
6.53134389087124	4.55801296185434	9.77904976480795	0.755185618440298	0.728515037461209	0.786613610159264	Equus_caballus	T>C
4.87069307456428	3.71615573633912	6.82405812501273	0.780225092937511	0.751873940949996	0.808024735385611	Dicerorhinus_sumatrensis	T>C
7.84871900176399	6.00922176108686	11.1362711134964	0.742007138720731	0.72159842127499	0.761779460838454	Ceratotherium_simum_cottoni	T>C
1.05688927905636	0.698418371120278	1.51306187314772	0.990780693345105	0.931947308496482	1.05918872012687	Felis_catus	T>C
2.34163011880887	1.91084758694594	2.91996113289763	0.866170095521414	0.836736380131878	0.895695032719365	Canis_lupus_familiaris	T>C
7.95546053176165	5.681432414343	12.1202058503811	0.74110914389073	0.717478877562527	0.766445669928832	Bos_taurus	T>C
13.1863460743998	7.80123156067718	33.1298222030916	0.7136602098363	0.686199925958193	0.742413641629268	Ovis_aries	T>C
2.06843919111689	1.60303909788949	2.80179933408667	0.883932392054565	0.842022230725343	0.9227775592027	Sus_scrofa	T>C
3.74690332444637	2.85456193093026	5.21413364765395	0.807109102735115	0.773948985404429	0.839621902206435	Oryctolagus_cuniculus	T>G
3.17490002331724	2.58840294255849	3.98872896221534	0.826351129274937	0.800301240065222	0.852450336265193	Rattus_norvegicus	T>G
5.65353053065849	4.33252887400748	7.85829894046186	0.766864097728982	0.741925660650438	0.791685524026487	Mus_pahari	T>G
3.79129090171346	2.92851355561389	5.17230647710652	0.80580801298489	0.774675993348577	0.836366136257141	Mus_musculus	T>G
5.03944904771293	2.97605446955017	11.5417752707986	0.777052011654241	0.719822352546232	0.834337072535651	Nomascus_leucogenys	T>G
3.3445753660383	1.89998908209129	6.49382376649637	0.820114727869155	0.755628815689602	0.896552589611559	Pongo_abelii	T>G
3.00853020934155	1.42180502258199	7.56150069276655	0.832978664294389	0.744534635214508	0.941943437690911	Homo_sapiens	T>G
12.098104690298	5.71528533759166	90.3350750192475	0.717564615830295	0.67396579754849	0.765942666591006	Macaca_mulatta	T>G
7.37544067496511	4.99516337140649	14.4026797692776	0.746264468446744	0.709949178323918	0.777867417232746	Callithrix_jacchus	T>G
6.21956811046138	3.8915004450135	12.1733105536176	0.759008293820325	0.717274041627822	0.802957498929859	Saimiri_boliviensis	T>G
6.8633236570757	5.10263932958078	9.6933925790426	0.751448458150828	0.729010460905852	0.775909017502508	Daubentonia_madagascariensis	T>G
Inf	221.274589829309	Inf	0.627672881933766	0.591605767379802	0.66966595987053	Microcebus_murinus	T>G
13.1288443980847	5.50247336828864	722.464073540846	0.713851464508806	0.667588159096006	0.769191756568284	Equus_caballus	T>G
3.49267005641239	2.50497073840805	5.13584549653205	0.815056523543678	0.775317816217851	0.856872724412377	Dicerorhinus_sumatrensis	T>G
6.36649763228977	4.12655787657259	11.2486498733041	0.757166480817756	0.721094434099196	0.796708437913064	Ceratotherium_simum_cottoni	T>G
0.834644414262532	0.465004746816027	1.49040401188997	1.03004316703044	0.93436084941123	1.12172776330514	Felis_catus	T>G
2.05622962960906	1.54656103883466	2.90097440219522	0.884800363234468	0.83756413943437	0.928457629655617	Canis_lupus_familiaris	T>G
12.7438396994306	7.04502489339138	43.522934795158	0.71517324715991	0.681640222873909	0.749533615557565	Bos_taurus	T>G
15.9711716030494	7.63847779479793	163.828368221434	0.705948967397565	0.670711277881716	0.743840757114423	Ovis_aries	T>G
1.71535517029902	1.04335981267548	2.79821436892952	0.912183965456443	0.842187741022077	0.992926712758972	Sus_scrofa	T>G
1.24591095832025	1.09424979285556	1.41845618128516	0.963502417967011	0.942324614007438	0.984998638784306	Oryctolagus_cuniculus	S>W
1.47799345520057	1.26716260130586	1.72069889220649	0.935701544570615	0.911701745181364	0.960719976421632	Rattus_norvegicus	S>W
1.44324839486001	1.2511288061456	1.65641183795458	0.939527448267575	0.917631768215075	0.962814388132742	Mus_pahari	S>W
2.07568228256378	1.78085498928742	2.39756388813041	0.883420741184064	0.862885689654198	0.906401089797265	Mus_musculus	S>W
3.92257266528507	3.26595979787832	4.89485262234653	0.802097205126389	0.77975968346906	0.82294255726419	Nomascus_leucogenys	S>W
3.77974783398565	3.21417251200901	4.64443701248823	0.806144038658226	0.784777058401339	0.824863006462175	Pongo_abelii	S>W
4.22822293636791	3.32738296142353	5.40543325091192	0.794179719338787	0.770744976525216	0.820724366807761	Homo_sapiens	S>W
1.56458044529223	1.34901493083647	1.79104306680627	0.926618218543488	0.905525992986385	0.950473575645858	Macaca_mulatta	S>W
1.25806670278268	1.09058927624052	1.43664634222298	0.961904476003793	0.940266760005801	0.985556022047617	Callithrix_jacchus	S>W
1.41576886340875	1.2573860817257	1.62351079381771	0.942631257801421	0.920779082837266	0.961993492708326	Saimiri_boliviensis	S>W
2.33987615845366	2.06239612447443	2.64313800742099	0.86627486620402	0.849659093884269	0.884361125374578	Daubentonia_madagascariensis	S>W
0.626287944941428	0.501264570317161	0.787390124946312	1.07659817279406	1.03964996637394	1.11073673922278	Microcebus_murinus	S>W
1.78829378351295	1.51114065919119	2.12030731801819	0.905761510477113	0.880320835541958	0.932150268402219	Equus_caballus	S>W
1.62223281632768	1.22948638743368	2.09004710030176	0.920902927655996	0.882413108396167	0.965689199580203	Dicerorhinus_sumatrensis	S>W
1.67686562791486	1.36561994837419	2.0876114980987	0.915714157027984	0.882583295775345	0.94848144723818	Ceratotherium_simum_cottoni	S>W
0.93729758513433	0.694129720359208	1.2249213872019	1.01078863934772	0.966302721451092	1.06018238075573	Felis_catus	S>W
0.693731698504512	0.536929559773051	0.863221643059647	1.06027485576492	1.02446986691928	1.10043193744792	Canis_lupus_familiaris	S>W
1.37836732135401	1.16896362306785	1.60642687833883	0.946971000097859	0.922444671492782	0.974033124811186	Bos_taurus	S>W
1.36992045803053	1.16522310039276	1.61995788049811	0.947970059954678	0.921123683563411	0.974564114530463	Ovis_aries	S>W
1.51544828765784	1.27209472529286	1.83287611831863	0.931695635832003	0.901998759854825	0.96008166351753	Sus_scrofa	S>W
3.97131395453343	3.06624114773118	5.28654453163995	0.80076937527929	0.772713265606889	0.830618248101684	Oryctolagus_cuniculus	W>S
5.25033031524072	4.07558952714564	7.23374202049511	0.773327696251147	0.747634307504481	0.798014298917295	Rattus_norvegicus	W>S
7.36258603167697	5.49853992026573	10.4898986948201	0.746386823104086	0.724688646178741	0.769253813140548	Mus_pahari	W>S
4.34649724058551	3.65398657875848	5.40639473691557	0.791358897236986	0.770729356220455	0.809913033063475	Mus_musculus	W>S
3.67781876144549	2.64894536582608	5.31100388586045	0.809183232755401	0.772302264223548	0.849367858334342	Nomascus_leucogenys	W>S
2.78438751762286	1.93805807141827	4.13830962286836	0.8428290347017	0.796411021444282	0.893573913038707	Pongo_abelii	W>S
3.03095703306527	1.93848456701118	5.41279305407901	0.832053362976776	0.770625528436363	0.893540979416504	Homo_sapiens	W>S
4.65045623399738	3.25583113325748	6.83955457451815	0.784651239780516	0.751705511709421	0.823314486044873	Macaca_mulatta	W>S
5.21376417572221	4.01412555500602	7.31992353179195	0.773955364437239	0.746795608251191	0.799624379702209	Callithrix_jacchus	W>S
5.23220932966437	3.87664323387232	7.49133751496218	0.773637827518635	0.745178051415178	0.803372723414086	Saimiri_boliviensis	W>S
3.30617087832226	2.82788239776714	3.87613503628095	0.821483250937101	0.803386971109904	0.840827363728714	Daubentonia_madagascariensis	W>S
Inf	75.9930420524	Inf	0.63733415852944	0.606112379015033	0.675325457758633	Microcebus_murinus	W>S
7.6128433084676	5.05683711866523	13.0455213225955	0.744070451083741	0.71413138167117	0.776735115529558	Equus_caballus	W>S
4.44607314111903	3.39749327034824	5.9827974978905	0.789079026800648	0.762139386141643	0.818268187278857	Dicerorhinus_sumatrensis	W>S
7.45021832242096	5.82950328464867	10.361147163373	0.745560091810228	0.725346187060164	0.76428235537498	Ceratotherium_simum_cottoni	W>S
0.987468225381923	0.634413161941835	1.49661677903843	1.00210179873705	0.933694699268223	1.07456026553772	Felis_catus	W>S
2.25371884290381	1.79566127388225	2.86316326871345	0.871560420200606	0.839236817161157	0.905131416632919	Canis_lupus_familiaris	W>S
8.76406171150212	6.19390447545533	14.1544147384983	0.734944263261671	0.710658247877194	0.759337714626957	Bos_taurus	W>S
13.762028084007	7.85781842896179	43.5039626401278	0.711827579711462	0.681646606139867	0.741929743237181	Ovis_aries	W>S
1.9434606335618	1.3712163709265	2.72175931788475	0.893157437110555	0.845793420904382	0.947816322531341	Sus_scrofa	W>S
1.89939674556353	1.62070110749807	2.2920578458512	0.896599554494715	0.869174246388217	0.921051519925694	Oryctolagus_cuniculus	S>S
1.90645660209384	1.53026902600287	2.33479365763145	0.896041041699961	0.866579085577818	0.930143261374786	Rattus_norvegicus	S>S
2.46217332467259	2.0549244706575	2.99642578086428	0.85922394331015	0.833482392323029	0.884893556748562	Mus_pahari	S>S
2.54072873191626	2.0794101665245	3.18109455392366	0.854951824085621	0.826114547614742	0.883158342219938	Mus_musculus	S>S
3.50013494044277	2.23023928499254	5.79248771332759	0.814810372464314	0.764814310770401	0.873049726201591	Nomascus_leucogenys	S>S
3.11395860078154	2.23353267284294	4.29686868559286	0.828716587766995	0.79252719035304	0.872839522832839	Pongo_abelii	S>S
4.71666413184559	2.96689998360753	7.71055669544615	0.783284794177936	0.743202149986028	0.834724008525938	Homo_sapiens	S>S
2.55572772090377	1.84446629210018	3.4686484912825	0.854157588074231	0.815854204681171	0.901039866489134	Macaca_mulatta	S>S
1.51892140201704	1.23594375439309	1.86201190460293	0.931330211203162	0.899603037614138	0.964825627667733	Callithrix_jacchus	S>S
1.59081651604729	1.28022381113887	2.02593147421783	0.923985802366703	0.886984500149327	0.959035627735316	Saimiri_boliviensis	S>S
2.82788544400683	2.30023334357132	3.45871520715816	0.840827225131247	0.816186569977912	0.868672584813424	Daubentonia_madagascariensis	S>S
2.44108085278407	1.75447622243403	3.39710149204837	0.860404243662943	0.818281694855635	0.908696952220396	Microcebus_murinus	S>S
3.75021826235388	2.90218696042379	4.9862226930891	0.807011095037483	0.778033500285521	0.837511035075469	Equus_caballus	S>S
1.45588491183994	1.10473357710017	1.90888248582823	0.938123469651462	0.895849753269373	0.983413011154208	Dicerorhinus_sumatrensis	S>S
2.10008789895656	1.61286093995552	2.76973432223636	0.88171433253803	0.843513788951712	0.921814828772078	Ceratotherium_simum_cottoni	S>S
0.549097220135248	0.380338511771407	0.749661414988802	1.09702485077629	1.04769276746282	1.14963998153211	Felis_catus	S>S
1.46681447445707	1.22414540058282	1.75467954436536	0.936920742751329	0.90867908804988	0.966407262084562	Canis_lupus_familiaris	S>S
2.66185750559146	2.04776085311345	3.44668706198865	0.848723632468504	0.816591016496789	0.885406488718528	Bos_taurus	S>S
2.91396900104035	2.22757629037505	3.90116808423164	0.836996750141897	0.802688662894772	0.87322000783934	Ovis_aries	S>S
1.27700852107449	0.983414011632103	1.68399327913825	0.959448472486206	0.915052782924273	1.00278744768207	Sus_scrofa	S>S
3.83803989604253	3.27689862710449	4.64661658891315	0.804463518489239	0.784731468157817	0.822542857521816	Oryctolagus_cuniculus	W>W
3.11878185705995	2.47522416793691	3.99724123578794	0.82852682090716	0.80007360765889	0.858500814465667	Rattus_norvegicus	W>W
3.106998656229	2.5400714754228	3.85136874793201	0.82899120642651	0.804084929698279	0.854986781470859	Mus_pahari	W>W
3.70464631474902	2.92143682971837	5.02105945400949	0.808370553009126	0.777389151930074	0.836672380290401	Mus_musculus	W>W
4.56127957253858	2.80061881658008	7.96626912766838	0.78654315515659	0.741019405489713	0.842076698253721	Nomascus_leucogenys	W>W
4.1331484489887	2.58192040530711	7.46385952776851	0.79654147416381	0.745432939249458	0.852786566393894	Pongo_abelii	W>W
7.65041836056738	3.74678313893309	23.1722142624271	0.743734230208523	0.694246542445897	0.807112658647777	Homo_sapiens	W>W
2.63868160651417	1.8873834023778	3.50735856654905	0.849883210118329	0.814572952981288	0.897556220896859	Macaca_mulatta	W>W
2.33471854050147	1.9144271712081	2.94925371365816	0.866583588760612	0.835474931468965	0.895413733415402	Callithrix_jacchus	W>W
2.51668339580178	1.94999370622613	3.15873957123753	0.856239224566685	0.826971647357796	0.892655849375643	Saimiri_boliviensis	W>W
3.20756937678211	2.51312297062111	4.1367581481417	0.825111271370137	0.796450208628408	0.856431349611654	Daubentonia_madagascariensis	W>W
2.68290669761538	1.95895817324034	3.77511579832868	0.847683108679255	0.806279336771966	0.891971191987687	Microcebus_murinus	W>W
6.24975598354389	4.74533796928793	8.85625820930826	0.758623784696559	0.734305587290425	0.782702776331647	Equus_caballus	W>W
1.47808584724291	1.02648341350643	2.10145717270598	0.935691513973063	0.881619390352034	0.995643781516637	Dicerorhinus_sumatrensis	W>W
2.11239433995447	1.61071495132506	3.04498452558062	0.880864031733337	0.831479822922431	0.922024558698618	Ceratotherium_simum_cottoni	W>W
1.34254641777314	1.06645813797059	1.66344690538357	0.951257256466125	0.91696888418756	0.989279863816347	Felis_catus	W>W
1.31167263453372	1.06831138181717	1.61837293070848	0.955058135556958	0.921277711124065	0.988990796644113	Canis_lupus_familiaris	W>W
2.99370535376525	2.33539036474006	3.98011216391789	0.833596023645427	0.800532460191726	0.866543320900098	Bos_taurus	W>W
3.51229993965538	2.65825620294407	4.84421753138292	0.814410982333232	0.780739536659395	0.84890285508074	Ovis_aries	W>W
2.57179440381565	2.06961718615884	3.10652189325565	0.853314214452308	0.829010052138827	0.883849014248223	Sus_scrofa	W>W
2.14523108348031	1.89618770659204	2.46939853956955	0.878627775078764	0.8588229321009	0.896854325135509	Oryctolagus_cuniculus	gc-BGC-affected
2.56151855664217	2.17481358498037	2.9425144791642	0.853852738019109	0.835763488045494	0.876652748942672	Rattus_norvegicus	gc-BGC-affected
2.75001418153819	2.38341439555209	3.17813513233294	0.844443772137028	0.826227486398799	0.863706280715446	Mus_pahari	gc-BGC-affected
2.87294854934242	2.46551281638078	3.36557797321806	0.838800806372669	0.819376495870619	0.859038388252998	Mus_musculus	gc-BGC-affected
3.79294616365485	2.95333132181981	4.83044628458317	0.805759959998863	0.781008971548107	0.83530081655112	Nomascus_leucogenys	gc-BGC-affected
3.26214551062466	2.65193623341525	3.97286898959013	0.823082411977286	0.800727440851996	0.849218229469615	Pongo_abelii	gc-BGC-affected
3.52488829782659	2.72413330317352	4.72793280642106	0.813999953763915	0.783055369047974	0.845679234798577	Homo_sapiens	gc-BGC-affected
2.50655374421481	2.21527711376674	2.89552283868058	0.856786857399961	0.837803300765433	0.874010122013711	Macaca_mulatta	gc-BGC-affected
2.33708571225476	2.04870306662705	2.71557924518973	0.86644177709265	0.846091360011519	0.885338886327677	Callithrix_jacchus	gc-BGC-affected
2.51137639666857	2.18746309559788	2.87040859728234	0.85652573939358	0.838913769242549	0.875819415003544	Saimiri_boliviensis	gc-BGC-affected
2.7626209683932	2.40630765001773	3.10309130485052	0.84384812402493	0.829145787196731	0.862382008662624	Daubentonia_madagascariensis	gc-BGC-affected
2.75087771001153	2.12114217349959	3.61509672475235	0.844402844225123	0.811120121583679	0.880263686477899	Microcebus_murinus	gc-BGC-affected
3.58353770850118	3.06889143163597	4.22262250230523	0.812114726454674	0.794316456857783	0.830511457776913	Equus_caballus	gc-BGC-affected
2.57906948230761	2.12912873967928	3.16155259137784	0.852934820990631	0.826863288487068	0.879718516599501	Dicerorhinus_sumatrensis	gc-BGC-affected
3.19739764699707	2.71245340627511	3.76715039145448	0.825495236826946	0.806512614858636	0.846242433338865	Ceratotherium_simum_cottoni	gc-BGC-affected
0.958462981990976	0.760904028401849	1.18671119854279	1.00706966268803	0.971538506675045	1.04526008000091	Felis_catus	gc-BGC-affected
1.26613100632688	1.08912656874763	1.46910124451804	0.960853836254558	0.936670445631509	0.985779293273256	Canis_lupus_familiaris	gc-BGC-affected
2.88182103779731	2.47449305253503	3.36129192209415	0.838407367790013	0.819526571157205	0.858541180901271	Bos_taurus	gc-BGC-affected
3.29748647355492	2.74355913224251	3.9534552605241	0.82179610587935	0.80125285582226	0.844750314638139	Ovis_aries	gc-BGC-affected
1.70866064632003	1.40541000321779	2.07479968565658	0.912790767732038	0.883482958725156	0.94381969495492	Sus_scrofa	gc-BGC-affected
2.74989595925318	2.41870316589839	3.12924774607759	0.844449376883363	0.828116574170991	0.861672385009422	Oryctolagus_cuniculus	gc-BGC-unaffected
2.51791267421498	2.13635700469462	2.98744271097119	0.856172981463248	0.833858201439662	0.879227502588334	Rattus_norvegicus	gc-BGC-unaffected
2.8235461823805	2.35885106465399	3.42860851056299	0.841024876262453	0.817203040581081	0.865147234525766	Mus_pahari	gc-BGC-unaffected
3.15175485023866	2.58789074728717	3.9592999775321	0.827241337068592	0.80109424105962	0.852476858119887	Mus_musculus	gc-BGC-unaffected
3.92457925282986	2.6980927104119	6.12184949030586	0.802042022090904	0.760275309698806	0.846939774690617	Nomascus_leucogenys	gc-BGC-unaffected
3.50579635884104	2.36835035605606	5.13742408211422	0.814624233670015	0.775289870432148	0.864587487304593	Pongo_abelii	gc-BGC-unaffected
5.6490499367808	3.34616971760199	10.1903512938535	0.766931617750707	0.726241799668331	0.820058436888309	Homo_sapiens	gc-BGC-unaffected
2.57213001709793	1.83362954191849	3.35530522038293	0.853296678305571	0.81973668884253	0.901936188248272	Macaca_mulatta	gc-BGC-unaffected
1.8802278081254	1.57228207271198	2.27231025010083	0.898129839401107	0.870396330333528	0.925839901880251	Callithrix_jacchus	gc-BGC-unaffected
1.97963815779931	1.64271622052741	2.43968212478291	0.890407480604642	0.860483025993401	0.918932370221329	Saimiri_boliviensis	gc-BGC-unaffected
2.98839330248061	2.47441062218726	3.6260081683678	0.833818353099404	0.810779396779265	0.858545733121678	Daubentonia_madagascariensis	gc-BGC-unaffected
2.48440260675866	1.78639595393674	3.4482040950797	0.857995494562025	0.816539885704455	0.905924359287405	Microcebus_murinus	gc-BGC-unaffected
4.52415156433646	3.71344877294785	5.71543857136081	0.78734884906199	0.765940401298056	0.808105918217018	Equus_caballus	gc-BGC-unaffected
1.45901784125689	1.11469031976356	1.97017404021412	0.937777618153668	0.891120404946127	0.981921652437446	Dicerorhinus_sumatrensis	gc-BGC-unaffected
2.10586304913403	1.66635612384835	2.71380663355769	0.881314465400917	0.846176999984162	0.916695783446636	Ceratotherium_simum_cottoni	gc-BGC-unaffected
0.857948328454586	0.66777291568065	1.05674926733503	1.02548540045847	0.99080275717345	1.06640134301173	Felis_catus	gc-BGC-unaffected
1.36832319276348	1.15719056269123	1.62960250460037	0.948159779052551	0.920190408563156	0.975710604739045	Canis_lupus_familiaris	gc-BGC-unaffected
2.80696989907282	2.22891820940313	3.61662141284281	0.841784065632451	0.811072414301093	0.873134165510467	Bos_taurus	gc-BGC-unaffected
3.17187757184866	2.43252012904848	4.0911841872581	0.826466817842064	0.797611971756033	0.86088742622605	Ovis_aries	gc-BGC-unaffected
1.85980829895756	1.54866573643209	2.30691675902591	0.899782525135109	0.86826432250335	0.928241441709526	Sus_scrofa	gc-BGC-unaffected
